{
"apiVersion": "V1",
"assemblies": [
{
  "files": [
    {
      "filePath": "assembly_data_report.jsonl",
      "fileType": "DATA_REPORT"
    }
  ]
},{
  "accession": "GCF_000001735.4",
  "files": [
    {
      "filePath": "GCF_000001735.4/chr1.fna",
      "fileType": "GENOMIC_NUCLEOTIDE_FASTA"
    },
    {
      "filePath": "GCF_000001735.4/chr2.fna",
      "fileType": "GENOMIC_NUCLEOTIDE_FASTA"
    },
    {
      "filePath": "GCF_000001735.4/chr3.fna",
      "fileType": "GENOMIC_NUCLEOTIDE_FASTA"
    },
    {
      "filePath": "GCF_000001735.4/chr4.fna",
      "fileType": "GENOMIC_NUCLEOTIDE_FASTA"
    },
    {
      "filePath": "GCF_000001735.4/chr5.fna",
      "fileType": "GENOMIC_NUCLEOTIDE_FASTA"
    },
    {
      "filePath": "GCF_000001735.4/chrMT.fna",
      "fileType": "GENOMIC_NUCLEOTIDE_FASTA"
    },
    {
      "filePath": "GCF_000001735.4/chrPltd.fna",
      "fileType": "GENOMIC_NUCLEOTIDE_FASTA"
    },
    {
      "filePath": "GCF_000001735.4/sequence_report.jsonl",
      "fileType": "SEQUENCE_REPORT"
    }
  ]
}]}
